"term","coefficient"
"(Intercept)",-2.58609646372491
"original_xgboost",3.91242507561933
"smote_ann",0.446738374323225
"weighted_xgboost",0.033713514250329
