"model_name","dataset","pr_auc","roc_auc","brier_score","calibration_intercept","calibration_slope","sensitivity","specificity","ppv","npv","threshold","n","events"
"random_forest","external_validation_smote",0.26617087688734,0.40530303030303,0.12345688,-2.97434706864978,-0.662161749128869,0,1,,0.88,0.5,50,6
"ann","external_validation_smote",0.197141442568272,0.535984848484849,0.20961868505055,-1.89220916560784,0.0644793010213821,0.333333333333333,0.795454545454545,0.181818181818182,0.897435897435897,0.5,50,6
"elastic_net","external_validation_smote",0.157165957823853,0.560606060606061,0.121866045567032,-1.40068946917432,0.0527504939522881,0,1,,0.88,0.5,50,6
"xgboost","external_validation_smote",0.154367870941219,0.477272727272727,0.127758289692716,-2.23613137314525,-0.177858584256688,0,1,,0.88,0.5,50,6
"knn","external_validation_smote",0.0988680077110928,0.352272727272727,0.18,-20.0887622580949,-1.33520478889575,0,0.931818181818182,0,0.872340425531915,0.5,50,6
