"model_name","dataset","pr_auc","roc_auc","brier_score","calibration_intercept","calibration_slope","sensitivity","specificity","ppv","npv","threshold","n","events"
"xgboost","external_validation_asa",0.229624900820553,0.556818181818182,0.103263338165588,-0.294880055799494,0.866436645534203,0,1,,0.88,0.5,50,6
"random_forest","external_validation_asa",0.188820703720085,0.520833333333333,0.11461544,-1.75450029558258,0.121242813616169,0,1,,0.88,0.5,50,6
"ann","external_validation_asa",0.165969313965918,0.526515151515151,0.144035115012989,-1.85975368315362,0.0299416637094848,0,0.931818181818182,0,0.872340425531915,0.5,50,6
"knn","external_validation_asa",0.130064745196324,0.46969696969697,0.127755102040816,-2.1275234496599,-0.0141207229255762,0,0.977272727272727,0,0.877551020408163,0.5,50,6
"elastic_net","external_validation_asa",0.129729443004536,0.5,0.12,-1.99243016452583,,0,1,,0.88,0.5,50,6
