"model_name","dataset","pr_auc","roc_auc","brier_score","calibration_intercept","calibration_slope","sensitivity","specificity","ppv","npv","threshold","n","events"
"xgboost","internal_test_weighted",0.240309760634405,0.617821713008244,0.210067615661072,-1.67482543415723,0.825427368242748,0.441176470588235,0.73396674584323,0.211267605633803,0.890489913544669,0.5,489,68
"elastic_net","internal_test_weighted",0.208240658045223,0.54762819617158,0.1312888375977,-1.43798426402615,0.039667127171527,0.0147058823529412,1,1,0.862704918032787,0.5,489,68
"ann","internal_test_weighted",0.177169655157866,0.562281682269107,0.272964281566888,-1.73515882185761,0.0201438273936615,0.544117647058823,0.534441805225653,0.158798283261803,0.87890625,0.5,489,68
"random_forest","internal_test_weighted",0.157040067460711,0.504279027525499,0.126344032719836,-1.7939295830851,0.0134818158614785,0,1,,0.860940695296524,0.5,489,68
