"model_name","dataset","pr_auc","roc_auc","brier_score","calibration_intercept","calibration_slope","sensitivity","specificity","ppv","npv","threshold","n","events"
"elastic_net","internal_test_smote",0.234293501383155,0.548641190442923,0.128333818232795,-1.48128264045306,0.0372904394508182,0.0735294117647059,0.995249406175772,0.714285714285714,0.869294605809129,0.5,489,68
"xgboost","internal_test_smote",0.201271479251652,0.60063574123236,0.144491163153046,-1.34752226743082,0.489989315522583,0.0735294117647059,0.959619952494062,0.227272727272727,0.865096359743041,0.5,489,68
"ann","internal_test_smote",0.190630685463849,0.566700433142378,0.289274737955409,-1.79880234907342,0.0102773636363882,0.5,0.667458432304038,0.195402298850575,0.892063492063492,0.5,489,68
"knn","internal_test_smote",0.187766306201328,0.54100880257091,0.274483072029084,-1.75279662792902,0.0169907534234715,0.367647058823529,0.69833729216152,0.164473684210526,0.872403560830861,0.5,489,68
"random_forest","internal_test_smote",0.170683432790759,0.564482324996507,0.14305626993865,-1.55579891262177,0.228102205961011,0.0441176470588235,0.96437054631829,0.166666666666667,0.861995753715499,0.5,489,68
