"model_name","dataset","pr_auc","roc_auc","brier_score","calibration_intercept","calibration_slope","sensitivity","specificity","ppv","npv","threshold","n","events"
"xgboost","internal_test",0.259218187820081,0.625157188766243,0.115127267277363,-0.283948408979168,0.827447281706806,0.0441176470588235,0.997624703087886,0.75,0.865979381443299,0.5,489,68
"random_forest","internal_test",0.253686526498957,0.58753667737879,0.118598413087935,-1.00991170120395,0.436376911179909,0.0588235294117647,0.997624703087886,0.8,0.867768595041322,0.5,489,68
"elastic_net","internal_test",0.221700519981404,0.527036467793768,0.135972035837618,0.901856913254777,0.200992005727389,0.0147058823529412,1,1,0.862704918032787,0.5,489,68
"knn","internal_test",0.207367795677974,0.588671929579433,0.122967803147669,-1.57799082420909,0.0511500145087142,0,0.997624703087886,0,0.860655737704918,0.5,489,68
"ann","internal_test",0.186932765934223,0.576690652508034,0.16289040846149,-1.49751980676894,0.100529653181076,0.102941176470588,0.921615201900237,0.175,0.864142538975501,0.5,489,68
