"model_name","dataset","pr_auc","roc_auc","brier_score","calibration_intercept","calibration_slope","sensitivity","specificity","ppv","npv","threshold","n","events"
"xgboost","internal_test_asa",0.284098269259741,0.649399189604583,0.113194100131633,-0.0320627454931838,0.96431978171823,0.0441176470588235,0.997624703087886,0.75,0.865979381443299,0.5,489,68
"random_forest","internal_test_asa",0.267343878763374,0.614398490987844,0.117867198364008,-1.2260136065434,0.318896133990524,0.0735294117647059,0.990498812351544,0.555555555555556,0.86875,0.5,489,68
"ann","internal_test_asa",0.24383605391786,0.641662009221741,0.142521840688883,-1.19336453139212,0.199523115640188,0.25,0.885985748218527,0.261538461538462,0.879716981132076,0.5,489,68
"knn","internal_test_asa",0.240288639771973,0.59635671370686,0.125665143357957,-1.45009860303878,0.0599427103688416,0.0588235294117647,0.98812351543943,0.444444444444444,0.866666666666667,0.5,489,68
"elastic_net","internal_test_asa",0.210267440251065,0.519683526617298,0.136937725358863,-0.498444985645332,0.0985080381939789,0.0294117647058824,0.997624703087886,0.666666666666667,0.864197530864197,0.5,489,68
