"model_name","dataset","pr_auc","roc_auc","brier_score","calibration_intercept","calibration_slope","sensitivity","specificity","ppv","npv","threshold","n","events"
"xgboost","internal_test_weighted_asa",0.277079920987497,0.649643705463183,0.206718882495987,-1.65639818857414,1.04973096589795,0.382352941176471,0.73396674584323,0.188405797101449,0.88034188034188,0.5,489,68
"elastic_net","internal_test_weighted_asa",0.276025820828263,0.584567556238647,0.126448457965633,-1.1955588683516,0.0634495653643487,0.102941176470588,0.985748218527316,0.538461538461538,0.871848739495798,0.5,489,68
"ann","internal_test_weighted_asa",0.269913460766737,0.608827022495459,0.25557308583632,-1.68974694004088,0.077834479642447,0.485294117647059,0.653206650831354,0.184357541899441,0.887096774193548,0.5,489,68
"random_forest","internal_test_weighted_asa",0.166590029587102,0.530285035629454,0.125698576687117,-1.89184717149973,-0.0312038123042348,0,0.997624703087886,0,0.860655737704918,0.5,489,68
