"mtry","mean_pr_auc","mean_roc_auc","mean_brier"
18,0.290691718338019,0.606399152402897,0.117016560738852
27,0.290648270974628,0.602803550855826,0.117960823618518
7,0.284928535285395,0.602421926431863,0.115426496313471
