"model_name","dataset","pr_auc","roc_auc","brier_score","calibration_intercept","calibration_slope","sensitivity","specificity","ppv","npv","threshold","n","events"
"stacked_logistic","internal_test_ensemble",0.258630482244232,0.624668157049043,0.114805284110093,0.163618710977344,1.10557873870887,0.0294117647058824,0.997624703087886,0.666666666666667,0.864197530864197,0.5,489,68
"soft_vote_pr_weighted","internal_test_ensemble",0.238737407229254,0.611743747380187,0.156149179218048,-1.37244001424609,0.604393472355479,0.205882352941176,0.883610451306413,0.222222222222222,0.873239436619718,0.5,489,68
"soft_vote_equal","internal_test_ensemble",0.234720184178698,0.605770574262959,0.1617040860113,-1.44247864273938,0.520338308030428,0.352941176470588,0.850356294536817,0.275862068965517,0.890547263681592,0.5,489,68
