"model_name","dataset","pr_auc","roc_auc","brier_score","calibration_intercept","calibration_slope","sensitivity","specificity","ppv","npv","threshold","n","events"
"stacked_logistic","external_validation_ensemble",0.220614878948212,0.526515151515151,0.105048395826142,-0.620463064007512,0.700468237378192,0,1,,0.88,0.5,50,6
"soft_vote_pr_weighted","external_validation_ensemble",0.20209338432009,0.522727272727273,0.139304362323715,-1.68724092993851,0.302219769947699,0.166666666666667,0.931818181818182,0.25,0.891304347826087,0.5,50,6
"soft_vote_equal","external_validation_ensemble",0.201572198834402,0.515151515151515,0.14169874863013,-1.69768881845114,0.288521621330433,0.166666666666667,0.909090909090909,0.2,0.888888888888889,0.5,50,6
