"model_name","dataset","pr_auc","roc_auc","brier_score","calibration_intercept","calibration_slope","sensitivity","specificity","ppv","npv","threshold","n","events"
"ann","external_validation_weighted_asa",0.295676007375655,0.554924242424242,0.240172718590668,-1.90310459227494,0.0521819006399684,0.166666666666667,0.795454545454545,0.1,0.875,0.5,50,6
"xgboost","external_validation_weighted_asa",0.236867842468747,0.568181818181818,0.200840666321507,-1.76632325925974,0.93290529458305,0.333333333333333,0.772727272727273,0.166666666666667,0.894736842105263,0.5,50,6
"random_forest","external_validation_weighted_asa",0.166081017205521,0.526515151515151,0.10878184,-1.54437059491202,0.17756985563817,0,1,,0.88,0.5,50,6
"elastic_net","external_validation_weighted_asa",0.156041546173125,0.545454545454545,0.119022136541816,-1.62361405800331,0.0351038872629196,0,1,,0.88,0.5,50,6
