"model_name","dataset","pr_auc","roc_auc","brier_score","calibration_intercept","calibration_slope","sensitivity","specificity","ppv","npv","threshold","n","events"
"random_forest","external_validation_smote_asa",0.223332158797275,0.439393939393939,0.11735344,-2.04458288597245,-0.0345164398800164,0,1,,0.88,0.5,50,6
"xgboost","external_validation_smote_asa",0.161640211640212,0.477272727272727,0.126093782440684,-2.13088034147113,-0.0969282926971451,0,1,,0.88,0.5,50,6
"elastic_net","external_validation_smote_asa",0.14466101848825,0.526515151515151,0.118739402362136,-1.70228958538255,0.0271225023182655,0,1,,0.88,0.5,50,6
"knn","external_validation_smote_asa",0.111973079830223,0.363636363636364,0.24495867768595,-2.65970617756543,-0.0961319668508078,0.166666666666667,0.75,0.0833333333333333,0.868421052631579,0.5,50,6
"ann","external_validation_smote_asa",0.0948321931973371,0.297348484848485,0.271984090963127,-2.42483391780419,-0.272818385386356,0.166666666666667,0.681818181818182,0.0666666666666667,0.857142857142857,0.5,50,6
