"model_name","dataset","pr_auc","roc_auc","brier_score","calibration_intercept","calibration_slope","sensitivity","specificity","ppv","npv","threshold","n","events"
"xgboost","external_validation",0.190165426947825,0.503787878787879,0.10659964966619,-1.39744727887448,0.289025934528779,0,1,,0.88,0.5,50,6
"random_forest","external_validation",0.15482383282133,0.460227272727273,0.1145808,-2.28674929469252,-0.145326139308547,0,1,,0.88,0.5,50,6
"ann","external_validation",0.144183612622151,0.458333333333333,0.144010420681485,-2.42230025675949,-0.0805698861043356,0,0.954545454545455,0,0.875,0.5,50,6
"knn","external_validation",0.142366332497911,0.479166666666667,0.118512396694215,-2.17375598525082,-0.0190103609193765,0,1,,0.88,0.5,50,6
"elastic_net","external_validation",0.129729443004536,0.5,0.12,-1.99243016452583,,0,1,,0.88,0.5,50,6
