"model_name","dataset","pr_auc","roc_auc","brier_score","calibration_intercept","calibration_slope","sensitivity","specificity","ppv","npv","threshold","n","events"
"xgboost","external_validation_weighted",0.266545150755677,0.446969696969697,0.209030115871551,-2.00089892120722,-0.0273246629257598,0.166666666666667,0.795454545454545,0.1,0.875,0.5,50,6
"ann","external_validation_weighted",0.202203025732438,0.535984848484849,0.231931492669353,-1.92814024562648,0.0531679567083976,0.166666666666667,0.772727272727273,0.0909090909090909,0.871794871794872,0.5,50,6
"random_forest","external_validation_weighted",0.131043615882326,0.450757575757576,0.11152584,-2.69253782896742,-0.276053679465026,0,1,,0.88,0.5,50,6
"elastic_net","external_validation_weighted",0.123409603556662,0.454545454545455,0.119389752607454,-2.59859639102385,-0.0525865458937462,0,1,,0.88,0.5,50,6
