"model_name","dataset","pr_auc","roc_auc","brier_score","calibration_intercept","calibration_slope","sensitivity","specificity","ppv","npv","threshold","n","events"
"elastic_net","internal_test_smote_asa",0.251403714452122,0.551522984490708,0.127163645250981,-1.38380389146821,0.0446807434736315,0.0735294117647059,0.995249406175772,0.714285714285714,0.869294605809129,0.5,489,68
"knn","internal_test_smote_asa",0.221874238558964,0.567486376973592,0.285807390694451,-1.80078685140195,0.0592996831276841,0.544117647058823,0.541567695961995,0.160869565217391,0.88030888030888,0.5,489,68
"xgboost","internal_test_smote_asa",0.221394973212137,0.626903730613385,0.140352987813453,-1.22552197786491,0.600101707983908,0.0441176470588235,0.95249406175772,0.130434782608696,0.860515021459227,0.5,489,68
"random_forest","internal_test_smote_asa",0.21193368698071,0.59660122956546,0.136636351738241,-1.38822112271824,0.373576671706727,0.0588235294117647,0.96437054631829,0.210526315789474,0.863829787234043,0.5,489,68
"ann","internal_test_smote_asa",0.17848782299663,0.583310046108705,0.288581687908247,-1.71798965008134,0.0461717785219047,0.529411764705882,0.608076009501188,0.17910447761194,0.888888888888889,0.5,489,68
