"mtry","mean_pr_auc","mean_roc_auc","mean_brier"
16,0.159068091567589,0.499375617182357,0.126920980802226
25,0.154905416780329,0.500929888084266,0.128661751959193
7,0.15241566867831,0.489765573568137,0.124813303562872
