"mtry","mean_pr_auc","mean_roc_auc","mean_brier"
7,0.199341142952501,0.595019852699144,0.133257028008347
18,0.19294419766308,0.579335706056616,0.134850455939408
27,0.190831090178365,0.591338874259381,0.135646062987866
