"mtry","mean_pr_auc","mean_roc_auc","mean_brier"
7,0.266039102311474,0.590477904871626,0.118337998639771
16,0.265912088367867,0.593708340190915,0.120011670345467
25,0.261746783462556,0.588662360105332,0.121474589458227
