"mtry","mean_pr_auc","mean_roc_auc","mean_brier"
7,0.174388912136838,0.562471712475313,0.139143955777108
16,0.173578574693253,0.562185751316656,0.139383912574388
25,0.171848963955635,0.552975847597103,0.140646566457995
